base_skill,skill_variation
.NET Core,dotnet
.NET Core,.NET
.NET Core,.net
AWS Lambda,AWS Lambda
AWS Lambda,Amazon Lambda
Advanced Java,Java Advance
Advanced Java,Core Java
Advanced Java,Advanced Java
Advanced Java,Java Development
Amazon Web Services (AWS),Amazon Web Services (AWS)
Amazon Web Services (AWS),AWS Cloud
Amazon Web Services (AWS),AWS 
Angular,Angular 2
Angular,Angular
Angular,AngularJS
Angular,Angular 4
Apache Airflow,Airflow
Apache Airflow,Apache Airflow
Apache Ant,Apache Ant
Apache Camel,Apache Camel
Apache Cordova,Apache Cordova
Apache Flink,Apache Flink
Apache HBase,Apache HBase
Apache Hive,Apache Hive
Apache Kafka,Apache Kafka
Apache Kafka,Kafka
Apache Maven,Apache Maven
Apache Parquet,Apache Parquet
Apache Spark,Apache Spark
Apache Storm,Apache Storm
Apache Tomcat,Apache Tomcat
Appium,Appium
Appium,Appium Testing
Appium Testing,Appium Testing
Automation Testing,Automated Testing
Automation Testing,Automation Testing
Babel.JS,Babel
Babel.JS,Babel.JS
Backbone.JS,Backbone
Backbone.JS,Backbone.JS
Big Data,Big Data
Big Data Analytics,Big Data Analytics
Big Data Processing,Big Data Processing
Black Box Testing,Black Box Testing
Bootstrap,Bootstrap
Bootstrap,Twitter Bootstrap
Browserify,Browserify
C (Programming Language),C
C (Programming Language),C (Programming Language)
C#,C Sharp
C#,C#
C++,C++
C++,C Plus Plus
Cloud,Cloud Services
Cloud Computing,Cloud Computing
Cloud Computing,Cloud Infrastructure
Core Java,Core Java
Core Java,Java Core
Core Java,Java
Crayon,Crayon
Cucumber,Cucumber
Cucumber,Gherkin
Data Analysis,Data Science
Data Analysis,Data Analysis
Data Cleaning,Data Cleaning
Data Cleanup,Data Cleanup
Data Collection,Data Collection
Data Extraction,Data Extraction
Data Extraction,Data Parsing
Data Interpretation,Data Interpretation
Data Modeling,Data Modeling
Data Modeling,Data Architecture
Data Pipeline,ETL
Data Pipeline,Data Pipeline
Data Visualisation,Data Visualization
Data Visualization,Data Visualisation
Data Warehousing,Data Warehousing
Data Wrangling,Data Wrangling
Databox,Databox
Debugging,Code Debugging
Debugging,Debugging
Deep Learning,AI
Deep Learning,Deep Learning
Django,Django
Django,Django
Docker,Containerization
Docker,Docker
Git,Git Version Control
Git,Git
GitHub,GitHub
GitHub,GitHub Repositories
Go,Go
Go,GoLang
Google Domains,Domain Management
Google Domains,Google Domains
Gradle,Build Tool
Gradle,Gradle
Grafana,Dashboarding
Grafana,Grafana
GraphQL,Graph Query Language
GraphQL,Graph
Gulp,GulpJS
Gulp.JS,Gulp.JS
HTML,HTML5
HTML,HTML
Hadoop,Big Data Hadoop
Hadoop,Hadoop
JSON,JavaScript Object Notation
JSON,JSON
JUnit,JUnit
JUnit,Unit Testing
Java,Java SE
Java,Java (Programming Language)
JavaScript,Javascript
JavaScript,JS
JavaScript,ES6
JavaScript,JavaScript (Programming Language)
Jekyll,Jekyll Framework
Jekyll,Jekyll
Jenkins,Ci/CD Jenkins
Jenkins,Jenkins
Jest,Jest
Jest,Unit Testing
Jira,Jira
Jira,Project Management Tool
Jmeter,Load Testing
Jmeter,Jmeter
Kibana,Kibana
Kibana,ElasticSearch
Kotlin,Android Kotlin
Kotlin,Kotlin
Kubernetes,Kubernetes
Kubernetes,K8s
Machine Learning,ML Models
Machine Learning,Machine Learning
Machine Learning,ML
Matplotip,Matplotlib
MongoDB,NoSQL Database
MongoDB,MongoDB
Negative Testing,Negative Testing
New Relic,Application Monitoring
New Relic,New Relic
Next.JS,Next.JS
Next.JS,next js
Next.JS,nextjs
Next.JS,next
Next.JS,Next.js Framework
Node.JS,Node
Node.JS,node js
Node.JS,Node.Js
Node.JS,Node.JS
Numpy,Numpy
Numpy,NumPy Library
PHP,Hypertext Preprocessor
PHP,PHP
Pandas,Pandas
Pandas,Data Analysis Library
Pipedrive,CRM Tool
Pipedrive,Pipedrive
PowerShell,PowerShell
PowerShell,Scripting Language
Processing large data sets,Data Processing
Python,Python
Python,Python Script
Python,Python Programming
Python,Python Programming Language
Qlik Replicate,Qlik Replicate
Qlik Sense,Data Visualization
Qlik Sense,Qlik Sense
R,R Language
R (Programming Language),R (Programming Language)
REST,RESTful APIs
REST APIs,REST APIs
REXX (Restructured Extended Executor),REXX (Restructured Extended Executor)
React JS,React JS
React JS,React.JS
React JS,React
React JS ,React.js (Javascript Library)
React Native,ReactJS Mobile
React Native,React Native
Redux,Redux
Redux,State Management
Regex,Regular Expressions
Regex,Regex
Regression Testing,Automated Regression Testing
Regression Testing,Regression Testing
Rhinoceros 3D,Rhinoceros 3D
Rhinoceros 3D,3D Modelling
Ruby,Ruby
Ruby,RoR (Ruby on Rails)
Rust,Rust
Rust,Rust Programming
SAS,Statistical Analysis Software
SAS,SAS
SQL,SQL
SQL,Structured Query Language
Scala,Functional Programming
Scala,Scala
Seaborn,Seaborn
Seaborn,Seaborn Library
Selenium,Selenium
Selenium,Automation Testing
Selenium Testing,Selenium Testing
Stastistics,Statistics
Statistical analysis and computing,Statistical analysis and computing
Swift,Swift 5
Swift (Programming Language),Swift (Programming Language)
Tailwind,Tailwind
Tailwind,Tailwind CSS
TypeScript,TS
TypeScript,TypeScript
jQuery,jQuery
UNIX,UNIX
Native Components,Native Components
Cocoa Touch,Cocoa Touch
Export Import Documentation,Export Import Documentation
National Institute of Securities Markets (NISM) Certification,National Institute of Securities Markets (NISM) Certification
Applied Behavior Analyst (ABA) Certification,Applied Behavior Analyst (ABA) Certification
SOCO ISO,SOCO ISO
PACIFICORP ISO,PACIFICORP ISO
TVA ISO - Tennessee Valley Authority ISO,TVA ISO - Tennessee Valley Authority ISO
AEMO ISO - Australian Energy Market Operator,AEMO ISO - Australian Energy Market Operator
ERCOT ISO - Electric Reliability Council of Texas ISO,ERCOT ISO - Electric Reliability Council of Texas ISO
ISONE - ISO New England,ISONE - ISO New England
CAISO - California ISO,CAISO - California ISO
Western Area Power Administration - WAPA ISO,Western Area Power Administration - WAPA ISO
PJM ISO,PJM ISO
TARA (Transmission Adequacy & Reliability Assessment),TARA (Transmission Adequacy & Reliability Assessment)
Transient Security Assessment Tool - TSAT,Transient Security Assessment Tool - TSAT
ETAP (Electrical Transient Analyzer Program),ETAP (Electrical Transient Analyzer Program)
Aspen Utilities Planner,Aspen Utilities Planner
PSCAD,PSCAD
Power System Simulator for Engineering (PSS/E),Power System Simulator for Engineering (PSS/E)
Positive Sequence Load Flow (PSLF),Positive Sequence Load Flow (PSLF)
Natural Language Processing (NLP),Natural Language Processing (NLP)
Base24,Base24
Snowflake,Snowflake
Enterprise Infrastructure Services (EIS),Enterprise Infrastructure Services (EIS)
Microsoft Dynamics NAV,Microsoft Dynamics NAV
Microsoft Navision ERP Customization,Microsoft Navision ERP Customization
Microsoft Navision ERP Training,Microsoft Navision ERP Training
Microsoft Navision ERP Deployment,Microsoft Navision ERP Deployment
Microsoft Navision ERP,Microsoft Navision ERP
SAP Customization,SAP Customization
Tally ERP Customization,Tally ERP Customization
Tally ERP Deployment,Tally ERP Deployment
Tally ERP Training,Tally ERP Training
SAP Training,SAP Training
SAP Deployment,SAP Deployment
SAP Scoping,SAP Scoping
Artificial Intelligence,AI
Artificial Intelligence,Artificial Intelligence
Technical Demonstration,Technical Demonstration
Architectural Draughtsman,Architectural Draughtsman
Cash Flow Planning,Cash Flow Planning
Business Excellence Audit,Business Excellence Audit
ChatGPT,ChatGPT
Influencer Marketing,Influencer Marketing
Stock Planning and Management,Stock Planning and Management
Store Audit,Store Audit
Business Roadmap Creation,Business Roadmap Creation
Tailwind CSS,Tailwind CSS
iOS App Development,iOS App Development
Android App Development,Android App Development
MERN Stack,MERN Stack
Basic Computer Knowledge,Basic Computer Knowledge
Boom Barrier,Boom Barrier
RFID,RFID
Web API,Web API
Entity Framework,Entity Framework
Angular,Angular
.NET Core,.NET Core
IOT (Internet of Things),IOT (Internet of Things)
Microprocessors,Microprocessors
Microcontrollers,Microcontrollers
Incident Management,Incident Management
LiDar Drone Software,LiDar Drone Software
LiDar Drone Pilot,LiDar Drone Pilot
LiDar Drone Survey,LiDar Drone Survey
LiDar Drone,LiDar Drone
LiDar Surverying,LiDar Surverying
LiDar Scanning,LiDar Scanning
360 Degree Feedback Methodology,360 Degree Feedback Methodology
Performance Management,Performance Management
CIS ITSM - Certified Implementation Specialist - IT Service Management,CIS ITSM - Certified Implementation Specialist - IT Service Management
CIS CSM - Certified Implementation Specialist - Customer Service Management,CIS CSM - Certified Implementation Specialist - Customer Service Management
CIS - Certified Implementation Specialist,CIS - Certified Implementation Specialist
CAD - Certified Application Developer,CAD - Certified Application Developer
CSA - Certified System Administrator,CSA - Certified System Administrator
Computer Vision,Computer Vision
Business Development,Business Development
Recruitment,Recruitment
Ads Account Management,Ads Account Management
Knowledge of Hardware Boards,Knowledge of Hardware Boards
Hardware Component Design,Hardware Component Design
Wifi Modules,Wifi Modules
RPI (Raspberry Pi),RPI (Raspberry Pi)
Embedded C,Embedded C
Arduino,Arduino
C,C
Shopify Liquid,Shopify Liquid
Tosca Automation Testing,Tosca Automation Testing
Customer Relationship Management,Customer Relationship Management
TDS Calculations and Filing,TDS Calculations and Filing
Petty Cash Management,Petty Cash Management
TDS Calculation,TDS Calculation
Earthing,Earthing
Single Line Diagram,Single Line Diagram
Electrical Design,Electrical Design
ETL Testing,ETL Testing
STAAD Pro,STAAD Pro
Export and Domestic Trading,Export and Domestic Trading
CATIA,CATIA
Research,Research
Paid Marketing,Paid Marketing
YAML,YAML
Android Studio,Android Studio
Dart,Dart
Flutter,Flutter
Short-hand,Short-hand
MySQL,MySQL
Microservices Architecture,Microservices Architecture
Postman,Postman
Spring Boot,Spring Boot
HCM,HCM
HRMS,HRMS
Techno Commercial Offer Preparation,Techno Commercial Offer Preparation
UG NX,UG NX
CREO,CREO
ITC-04 Return Preparation & Filling,ITC-04 Return Preparation & Filling
Script Writing,Script Writing
Graffiti,Graffiti
Glass Painting,Glass Painting
Wall Painting,Wall Painting
Content Creation - Long Format,Content Creation - Long Format
Content Creation - Short Format,Content Creation - Short Format
Vlogging,Vlogging
CV Screening,CV Screening
Leadership Training,Leadership Training
Soft Skill Training,Soft Skill Training
Behavioural Training,Behavioural Training
Functional Training,Functional Training
Technical Training,Technical Training
Agency Coordination,Agency Coordination
Client Coordination,Client Coordination
Event Coordination,Event Coordination
Training Coordination,Training Coordination
Training Designing and Conceptualisation,Training Designing and Conceptualisation
Content Writing - Technical Short Format,Content Writing - Technical Short Format
Content Writing - Technical Long Format,Content Writing - Technical Long Format
Content Writing - Short Format,Content Writing - Short Format
Content Writing - Long Format,Content Writing - Long Format
Content Writing - Technical,Content Writing - Technical
Event Conceptualisation and Design,Event Conceptualisation and Design
Public Relations (PR),Public Relations (PR)
Client Servicing,Client Servicing
ICD CM 10 & CPT TECHNOLOGY,ICD CM 10 & CPT TECHNOLOGY
Digital Campaigns,Digital Campaigns
Performance Marketing,Performance Marketing
ASP.NET,ASP.NET
Month End Reports,Month End Reports
MIS Reporting,MIS Reporting
B2B Sales,B2B Sales
Instrumentation,Instrumentation
Reservation,Reservation
Creative Thinking,Creative Thinking
Salary Processing,Salary Processing
Zoho Books,Zoho Books
Chiller Operator,Chiller Operator
Automation Testing,Automation Testing
Bug Resolution,Bug Resolution
Ticket Handling,Ticket Handling
IT Support,IT Support
UX (User Experience) Design,UX (User Experience) Design
UI (User Interface) Design,UI (User Interface) Design
Minutes of Meeting,Minutes of Meeting
Investor Presentation,Investor Presentation
Pitch Designing,Pitch Designing
Pitch Presentation,Pitch Presentation
Database Cleaning,Database Cleaning
Database Management,Database Management
Retargeting,Retargeting
"RFM (Recency, Frequency and Monetary Value) Model","RFM (Recency, Frequency and Monetary Value) Model"
Remarketing,Remarketing
Resume Screening,Resume Screening
English Written Communication,English Written Communication
English Verbal Communication,English Verbal Communication
Strategic Business Planning,Strategic Business Planning
Annual Business Planning,Annual Business Planning
Balance Sheet Preparation,Balance Sheet Preparation
Profit and Loss Statement Preparation,Profit and Loss Statement Preparation
Technical Specifications,Technical Specifications
Technical Drawings,Technical Drawings
Tender Budgeting,Tender Budgeting
Tender Application,Tender Application
Tender Preparation,Tender Preparation
BOM (Bill of Material) Preparation,BOM (Bill of Material) Preparation
BOQ (Bill of Quantities) Preparation,BOQ (Bill of Quantities) Preparation
Field Sales,Field Sales
Technical Sales,Technical Sales
Sales,Sales
Site Inspection,Site Inspection
VFX Compositor,VFX Compositor
Order Pickup,Order Pickup
Order Taking,Order Taking
Cooking,Cooking
Order Serving,Order Serving
Bar Management,Bar Management
Floor Management,Floor Management
Table Management,Table Management
Guest Management,Guest Management
Seasoning and Garnishing,Seasoning and Garnishing
Baking,Baking
Marination,Marination
Chopping/Cutting,Chopping/Cutting
Grill,Grill
Wok,Wok
International Shipping,International Shipping
International Tax,International Tax
International Trade,International Trade
Inventory Accounting,Inventory Accounting
Inventory Analysis,Inventory Analysis
Inventory Control,Inventory Control
Inventory Forecasting,Inventory Forecasting
Inventory Management,Inventory Management
Inventory Optimisation,Inventory Optimisation
Inventory Planning,Inventory Planning
Inventory Valuation,Inventory Valuation
Just In Time Method (JIT),Just In Time Method (JIT)
Material Requirements Planning (MRP),Material Requirements Planning (MRP)
New Vendor Development,New Vendor Development
Perpetual Inventory System,Perpetual Inventory System
Scout,Scout
Supplier Evaluation,Supplier Evaluation
Third Party Vendor Management,Third Party Vendor Management
VED Analysis,VED Analysis
Vendor Coordination,Vendor Coordination
Vendor Evaluation,Vendor Evaluation
Vendor Identification,Vendor Identification
Vendor Management,Vendor Management
Vendor Development,Vendor Development
Vendor Audits,Vendor Audits
Vendor Training,Vendor Training
Vendor Negotiation,Vendor Negotiation
Vendor Relations,Vendor Relations
Vendor Sourcing,Vendor Sourcing
SCM Consulting,SCM Consulting
Radical Simplicity,Radical Simplicity
Behavioral Theory,Behavioral Theory
Mergers and Acquisition,Mergers and Acquisition
Pricing Strategy,Pricing Strategy
Strategic Management,Strategic Management
Strategic Planning,Strategic Planning
Strategy Formation,Strategy Formation
Strategy Implementation,Strategy Implementation
Strategy Monitoring,Strategy Monitoring
Strategy Designing,Strategy Designing
Strategy Consulting,Strategy Consulting
Strategy Review,Strategy Review
Self Awareness,Self Awareness
Zoho Finance,Zoho Finance
Trello,Trello
Workzone,Workzone
Wrike,Wrike
Zenkit,Zenkit
Zoho Project,Zoho Project
Project Management Consulting,Project Management Consulting
Project Scheduling,Project Scheduling
Active listening,Active listening
Prioritisation,Prioritisation
ISO Standards,ISO Standards
Quality Management,Quality Management
Green Certification,Green Certification
BIFMA,BIFMA
Vegan Certification,Vegan Certification
USFDA,USFDA
EQS,EQS
Quality Management Consulting,Quality Management Consulting
7 QC Tools,7 QC Tools
Corrective and Preventive Action (CAPA),Corrective and Preventive Action (CAPA)
Total Quality Management (TQM),Total Quality Management (TQM)
Quality Audits,Quality Audits
Quality Control (QC) Checklists,Quality Control (QC) Checklists
Product Research,Product Research
Process Research,Process Research
R&D Consulting,R&D Consulting
Technophile,Technophile
OHSAS,OHSAS
Safety Drills,Safety Drills
Safety Training,Safety Training
Emergency Management,Emergency Management
Safety Consulting,Safety Consulting
ABC Analysis,ABC Analysis
Amazon Vendor Central,Amazon Vendor Central
Demand Management,Demand Management
Distribution Channel Management,Distribution Channel Management
Economic Order Quantity Model (EOQ),Economic Order Quantity Model (EOQ)
Export Administration,Export Administration
Export Control Compliance,Export Control Compliance
Export Documentation,Export Documentation
Export Finance,Export Finance
Export -Import,Export -Import
Export -Import Operations,Export -Import Operations
Fishbowl Inventory,Fishbowl Inventory
International Logistics,International Logistics
International Sales,International Sales
Mechanical Repairs,Mechanical Repairs
Diet Planning,Diet Planning
Nutritional Analysis,Nutritional Analysis
5S of Lean,5S of Lean
Product Development,Product Development
Product Life Cycle,Product Life Cycle
Production Tracking,Production Tracking
3M,3M
6 Sigma,6 Sigma
Six Sigma,Six Sigma
Cross -Functional Team Leadership,Cross -Functional Team Leadership
Good Manufacturing Practice,Good Manufacturing Practice
Kaizen,Kaizen
Lean Manufacturing,Lean Manufacturing
Lean Thinking,Lean Thinking
Print Management,Print Management
Product Management,Product Management
Product Roadmapping,Product Roadmapping
Program Management,Program Management
Project Management,Project Management
Roadmapping,Roadmapping
Total Productive Maintenance (TPM),Total Productive Maintenance (TPM)
Efficiency Improvement,Efficiency Improvement
Output Optimization,Output Optimization
User Life Cycle,User Life Cycle
Production Digitization,Production Digitization
Just in Time (JIT),Just in Time (JIT)
Theory of Constraints (TOC),Theory of Constraints (TOC)
Production Consulting,Production Consulting
Active Collab,Active Collab
Agile Methodology,Agile Methodology
Airtable,Airtable
Citrix Podio,Citrix Podio
Clarizen,Clarizen
ClickUp,ClickUp
Gantt Charts,Gantt Charts
Kanban Tool,Kanban Tool
Kissflow Project,Kissflow Project
Meister Task,Meister Task
Monday.com,Monday.com
Notion,Notion
Paymo,Paymo
Project Execution,Project Execution
Proofhub,Proofhub
Scoro,Scoro
Scrum,Scrum
Train the Trainer,Train the Trainer
Course Structure Design,Course Structure Design
Course Content Designing,Course Content Designing
Storyboarding,Storyboarding
Report Making,Report Making
Mystery Shopping,Mystery Shopping
New Product Development,New Product Development
New Product Development Estimation,New Product Development Estimation
Quality Audit,Quality Audit
Vendor Audit,Vendor Audit
Process Audit,Process Audit
Accounting Audit,Accounting Audit
HR Audit,HR Audit
Legal Audit,Legal Audit
Compliance Audit,Compliance Audit
ISO Audit,ISO Audit
Safety Audits,Safety Audits
P&L Making,P&L Making
P&L Planning,P&L Planning
Business Estimations,Business Estimations
Process Digitization,Process Digitization
New Concept Creation and Ideation,New Concept Creation and Ideation
Cutting,Cutting
Seasoning,Seasoning
Garnishing,Garnishing
Tasting,Tasting
Indian Food,Indian Food
Chinese Food,Chinese Food
Italian Food,Italian Food
Mexican Food,Mexican Food
Continental Food,Continental Food
Vietnamese Food,Vietnamese Food
Bartending,Bartending
Kitchen Management,Kitchen Management
Cocktail Preparation,Cocktail Preparation
Mocktail Preparation,Mocktail Preparation
Maintenance,Maintenance
Electronic Repairs,Electronic Repairs
Radio Jockey (RJ),Radio Jockey (RJ)
Enterprise Risk Management (ERM),Enterprise Risk Management (ERM)
Item Master,Item Master
LogicManager,LogicManager
Material Management,Material Management
MetricStream,MetricStream
New Store Development,New Store Development
Offshore Management,Offshore Management
Offshore Operations,Offshore Operations
Offshore Outsourcing,Offshore Outsourcing
Offshoring,Offshoring
Order Management,Order Management
Store Management,Store Management
Priority Management,Priority Management
Order Processing,Order Processing
Order Reconciliation,Order Reconciliation
Payment Reconciliation,Payment Reconciliation
Payment Processing,Payment Processing
Payment Gateway Managment,Payment Gateway Managment
Operations Consulting,Operations Consulting
Voiceover,Voiceover
Fabric Sourcing,Fabric Sourcing
Fabric Testing,Fabric Testing
Fabric Dying,Fabric Dying
Fabric Analysis,Fabric Analysis
Fabric Production,Fabric Production
Fabric Sticthing,Fabric Sticthing
Apparel Designing,Apparel Designing
Visual Merchandising,Visual Merchandising
Space Designing,Space Designing
Space Planning,Space Planning
MEP Consulting,MEP Consulting
Interior Designing,Interior Designing
Interior Planning,Interior Planning
HVAC,HVAC
HVAC Consulting,HVAC Consulting
BIFMA Certification,BIFMA Certification
USFDA Certification,USFDA Certification
PMP Certification,PMP Certification
PMP Training,PMP Training
Salesmate,Salesmate
Vipecloud,Vipecloud
Workwise,Workwise
Zymplify,Zymplify
Marketing Consulting,Marketing Consulting
Internal Communication,Internal Communication
Corporate Communication,Corporate Communication
Above The Line Marketing,Above The Line Marketing
Below The Line Marketing,Below The Line Marketing
Through The Line Marketing,Through The Line Marketing
Aesthetic Sensibility,Aesthetic Sensibility
Netpeak Spider,Netpeak Spider
Apple iMovie,Apple iMovie
CRO- Conversion Rate Optimization,CRO- Conversion Rate Optimization
Ahrefs,Ahrefs
Aritic PinPoint,Aritic PinPoint
ONTRAPORT,ONTRAPORT
Infusionsoft,Infusionsoft
Google Drive,Google Drive
SkyDrive,SkyDrive
SugarSync,SugarSync
Weebly,Weebly
AdWords,AdWords
GetResponse,GetResponse
Sound Engineering,Sound Engineering
Audio Engineering,Audio Engineering
Sound Cleaning,Sound Cleaning
Sound Equipment Setup,Sound Equipment Setup
Sound Equipment Testing,Sound Equipment Testing
Sound Quality Enhancements,Sound Quality Enhancements
Sound Mixing Techniques,Sound Mixing Techniques
Sound Panning,Sound Panning
Sound Compression,Sound Compression
Sound Distortion,Sound Distortion
Equalizer Management,Equalizer Management
Digital Audio Workstations (DAW),Digital Audio Workstations (DAW)
Acoustic Setup,Acoustic Setup
Music Composer,Music Composer
Disc Jockey (DJ),Disc Jockey (DJ)
Voice Jockey (VJ),Voice Jockey (VJ)
Referrizer,Referrizer
RFM Model,RFM Model
Recency Frequency Monetary Value Model,Recency Frequency Monetary Value Model
SalesBabu Online CRM,SalesBabu Online CRM
Search Engine Marketing (SEM),Search Engine Marketing (SEM)
Search Engine Optimization (SEO),Search Engine Optimization (SEO)
Semrush,Semrush
SendGrid,SendGrid
Sendinblue,Sendinblue
Sendpulse,Sendpulse
Snapchat Ads,Snapchat Ads
Social Media Marketing,Social Media Marketing
Social Networking,Social Networking
Software Development Life Cycle (SDLC),Software Development Life Cycle (SDLC)
Sprout Social,Sprout Social
SpyFu,SpyFu
Sugar CRM,Sugar CRM
Supermetrics,Supermetrics
Teamgate CRM,Teamgate CRM
Technovate CRM,Technovate CRM
TikTok Marketing,TikTok Marketing
Tranquil CRM,Tranquil CRM
Twitter Ads,Twitter Ads
Unbounce,Unbounce
Vtiger CRM,Vtiger CRM
Wordstream,Wordstream
YouTube Ads,YouTube Ads
Zendesk,Zendesk
Zoho Campaigns,Zoho Campaigns
Zoho CRM,Zoho CRM
Zoho SalesIQ,Zoho SalesIQ
Google Search Console,Google Search Console
Brand Audit,Brand Audit
Social Media Audit,Social Media Audit
Digital Media Audit,Digital Media Audit
Online Response Management (ORM),Online Response Management (ORM)
Online Response Management (ORM) Tool,Online Response Management (ORM) Tool
Brand Perception Survey,Brand Perception Survey
Customer Perception Survey,Customer Perception Survey
CentraHUB CRM,CentraHUB CRM
Engagebay,Engagebay
Google Adsense,Google Adsense
SalesMantra,SalesMantra
Media Buying,Media Buying
Media Planning,Media Planning
Media Relations,Media Relations
Microsoft Dynamics 365 Sales,Microsoft Dynamics 365 Sales
Moosend,Moosend
Multi -channel Campaign Management,Multi -channel Campaign Management
Ning,Ning
Omnisend,Omnisend
OneHash,OneHash
OnepageCRM,OnepageCRM
Optmyzr,Optmyzr
Oracle NetSuite CRM,Oracle NetSuite CRM
Outbound Sales,Outbound Sales
Outplay,Outplay
Pay -per -click (PPC),Pay -per -click (PPC)
Really Simple System CRM,Really Simple System CRM
Keywordtool.io,Keywordtool.io
Kit 19,Kit 19
Klaviyo,Klaviyo
KWfinder,KWfinder
Viral Marketing,Viral Marketing
Viral Content Ideas,Viral Content Ideas
Identity Management,Identity Management
Leadsquared CRM,Leadsquared CRM
LinkedIn Ads,LinkedIn Ads
Mailchimp,Mailchimp
MailerLite,MailerLite
Mailjet,Mailjet
Mailshake,Mailshake
Majestic,Majestic
Market Research,Market Research
Mass Email Marketing,Mass Email Marketing
Digital Marketing,Digital Marketing
Dynamics 365 CRM,Dynamics 365 CRM
E -Commerce,E -Commerce
Email Campaigning,Email Campaigning
Email Design,Email Design
Email Marketing,Email Marketing
Employer Branding,Employer Branding
Event Planning,Event Planning
Meta Business Manager,Meta Business Manager
Facebook Business Manager,Facebook Business Manager
Facebook Ads,Facebook Ads
Facebook Marketplace,Facebook Marketplace
franConnect,franConnect
Google Ads,Google Ads
Google Ads Manager,Google Ads Manager
Google Ads Editor,Google Ads Editor
Google Analytics,Google Analytics
Google Tag Manager,Google Tag Manager
Google Trends,Google Trends
Hootsuite,Hootsuite
Hotjar,Hotjar
Hubspot,Hubspot
HubSpot Marketing,HubSpot Marketing
INBOX,INBOX
Instagram,Instagram
Instagram Branded Content,Instagram Branded Content
Influencer Managment,Influencer Managment
Celebrity Management,Celebrity Management
Event Management,Event Management
Kapture CRM,Kapture CRM
Keap CRM,Keap CRM
Keyword Strategy,Keyword Strategy
Keywords Everywhere,Keywords Everywhere
Benchmarking,Benchmarking
Branch,Branch
Brand Development,Brand Development
Brand Positioning,Brand Positioning
Brand Review & Analysis,Brand Review & Analysis
Buffer,Buffer
Buzzsumo,Buzzsumo
Channel Management,Channel Management
Channel Optimization,Channel Optimization
Channel Relationship Management,Channel Relationship Management
Channel Strategy,Channel Strategy
CleverTap,CleverTap
Cratio CRM,Cratio CRM
Customer Retention,Customer Retention
Customer Segmentation,Customer Segmentation
Customer Journey Designing,Customer Journey Designing
Customer Journey Improvement,Customer Journey Improvement
Customer Journey Automation,Customer Journey Automation
Debox Global -Sales CRM,Debox Global -Sales CRM
Civil Law,Civil Law
Commercial Litigation,Commercial Litigation
Common Law,Common Law
Constitutional Law,Constitutional Law
Corporate Law,Corporate Law
Criminal Law,Criminal Law
Dispute Resolution,Dispute Resolution
Environmental Law,Environmental Law
Intellectual Property,Intellectual Property
International Law,International Law
Labour Law,Labour Law
Marriage Law,Marriage Law
Property Law,Property Law
Statutory Law,Statutory Law
Legal Consulting,Legal Consulting
Legal Reearch,Legal Reearch
Coherent Client Service,Coherent Client Service
Resilience,Resilience
Resolving Legal Conflict,Resolving Legal Conflict
Logical Reasoning,Logical Reasoning
Bottom Line Growth,Bottom Line Growth
Bottom Line Improvement,Bottom Line Improvement
Bottom Line Results,Bottom Line Results
Competitive Analysis,Competitive Analysis
Conflict Analysis,Conflict Analysis
Conflict Prevention,Conflict Prevention
Conflict Resolution,Conflict Resolution
Crisis Management,Crisis Management
Disaster Management,Disaster Management
Facility Management,Facility Management
Key Performance Indicators,Key Performance Indicators
Management Consulting,Management Consulting
Delegation management,Delegation management
Active Campaign,Active Campaign
Customer Relationship Management (CRM) Tool,Customer Relationship Management (CRM) Tool
Adobe Bridge,Adobe Bridge
Affiliate Marketing,Affiliate Marketing
Agile CRM,Agile CRM
AgoraPulse,AgoraPulse
Human Resources,Human Resources
Amazon AMS,Amazon AMS
Amazon Brand Analytics,Amazon Brand Analytics
AppsFlyer,AppsFlyer
Benchmark Email,Benchmark Email
Stress Testing,Stress Testing
Sublime Text,Sublime Text
Svelte,Svelte
Swift (Programming Language),Swift (Programming Language)
Tailwind,Tailwind
Tekla,Tekla
Terraform,Terraform
Test Case Writing,Test Case Writing
Test Planning,Test Planning
Trace View,Trace View
Transact SQL,Transact SQL
TypeScript,TypeScript
Ubuntu,Ubuntu
Unit Testing,Unit Testing
Usability Testing,Usability Testing
ViVa Analysis,ViVa Analysis
Volume Testing,Volume Testing
VS Code,VS Code
Vue.JS,Vue.JS
Webpack,Webpack
Wireshark,Wireshark
WordPress,WordPress
XHTML,XHTML
XML,XML
Yeoman,Yeoman
Yoast,Yoast
Zoho Creator,Zoho Creator
Zoho Deluge,Zoho Deluge
IT Consulting,IT Consulting
IT Product Consulting,IT Product Consulting
IT Project Consulting,IT Project Consulting
IT Cloud Consulting,IT Cloud Consulting
IT DevOps Consulting,IT DevOps Consulting
Website Development,Website Development
Website Optimization,Website Optimization
Website Audit,Website Audit
Kamatera,Kamatera
Oracle,Oracle
CEH,CEH
CISA,CISA
GCIH,GCIH
Secure Code Development,Secure Code Development
OLAP,OLAP
Xcode Development,Xcode Development
Arbitration,Arbitration
Negative Testing,Negative Testing
New Relic,New Relic
Next.JS,Next.JS
Night Watch,Night Watch
Node.JS,Node.JS
npm,npm
Object Oriented Programming (OOP),Object Oriented Programming (OOP)
Objective C,Objective C
Product Requirement Document (PRD),Product Requirement Document (PRD)
Product Roadmap,Product Roadmap
Product Feature Benchmarking,Product Feature Benchmarking
User Journeys,User Journeys
Penetration Testing,Penetration Testing
Performance Testing,Performance Testing
PHP,PHP
Pipedrive,Pipedrive
PowerShell,PowerShell
Python,Python
Qlik Replicate,Qlik Replicate
Qlik Sense,Qlik Sense
R (Programming Language),R (Programming Language)
React JS,React JS
React Native,React Native
Redux,Redux
Regression Testing,Regression Testing
REST APIs,REST APIs
REXX (Restructured Extended Executor),REXX (Restructured Extended Executor)
Rhinoceros 3D,Rhinoceros 3D
Ruby,Ruby
Rust,Rust
SAS,SAS
Scala,Scala
Scalability Testing,Scalability Testing
Screaming Frog,Screaming Frog
Sculptris,Sculptris
Selenium,Selenium
Selenium Testing,Selenium Testing
Server Management,Server Management
Similarweb,Similarweb
Spring Framework,Spring Framework
SQL,SQL
Strapi,Strapi
Frontify,Frontify
Functional Testing,Functional Testing
Functionality Testing,Functionality Testing
Funnel,Funnel
G++,G++
Git,Git
GitHub,GitHub
Go (Go Lang),Go (Go Lang)
Google Domains,Google Domains
Gradle,Gradle
Grafana,Grafana
GraphQL,GraphQL
Gulp.JS,Gulp.JS
Hadoop,Hadoop
HTML,HTML
Hugo,Hugo
IBM WebSphere,IBM WebSphere
Integration Testing,Integration Testing
Invision,Invision
Jasmine Framework,Jasmine Framework
Java,Java
JavaScript,JavaScript
Jekyll,Jekyll
Jenkins,Jenkins
Jest,Jest
Jira,Jira
Jmeter,Jmeter
jQuery,jQuery
JSON,JSON
JUnit,JUnit
Kibana,Kibana
Kotlin,Kotlin
Kubernetes,Kubernetes
Laravel,Laravel
LinkedIn API,LinkedIn API
Linux,Linux
Load Testing,Load Testing
Manual Testing,Manual Testing
MATLAB,MATLAB
Meteor.JS,Meteor.JS
Microsoft Azure,Microsoft Azure
Mocha (JavaScript Framework),Mocha (JavaScript Framework)
MongoDB,MongoDB
Backbone.JS,Backbone.JS
Balsamiq,Balsamiq
Black Box Testing,Black Box Testing
Bootstrap,Bootstrap
Bower,Bower
Browserify,Browserify
C (Programming Language),C (Programming Language)
C#,C#
C++,C++
Cassandra,Cassandra
Cloudflare,Cloudflare
Code Optimization,Code Optimization
Code Review,Code Review
Compliance Management,Compliance Management
Concurrency Testing,Concurrency Testing
Core Java,Core Java
Crayon,Crayon
CSS (Cascading Style Sheets),CSS (Cascading Style Sheets)
Cucumber,Cucumber
Data Warehousing,Data Warehousing
Databox,Databox
Debugging,Debugging
Delphi,Delphi
Django,Django
Docker,Docker
Dot,Dot
Dreamweaver,Dreamweaver
Dynamo,Dynamo
Dynatrace,Dynatrace
Express.Js,Express.Js
Eclipse,Eclipse
Elixir,Elixir
Email Hosting,Email Hosting
Email Management,Email Management
Email Security,Email Security
Ember.JS,Ember.JS
ESLint,ESLint
Ethical Hacking,Ethical Hacking
F#,F#
Feasibility Testing,Feasibility Testing
Figma,Figma
Firewalls,Firewalls
Flask,Flask
Flex,Flex
Job Evaluation,Job Evaluation
Resume Writing,Resume Writing
Staffing,Staffing
Talent Acquisition,Talent Acquisition
Kissflow HR cloud,Kissflow HR cloud
ADP,ADP
Amazon S3,Amazon S3
.NET Framework,.NET Framework
A++,A++
ABAP,ABAP
Ajax,Ajax
Alluxio,Alluxio
Amazon Athena,Amazon Athena
Amazon CloudFront,Amazon CloudFront
Amazon Dynamodb,Amazon Dynamodb
Amazon EBS,Amazon EBS
Amazon EC2,Amazon EC2
Amazon Elastic Compute Cloud,Amazon Elastic Compute Cloud
Amazon Redshift,Amazon Redshift
Amazon Relational Database Service (RDS),Amazon Relational Database Service (RDS)
Amazon Route 53,Amazon Route 53
Amazon VPC,Amazon VPC
Amazon Web Services (AWS),Amazon Web Services (AWS)
AngularJS,AngularJS
Ansible,Ansible
Apache Airflow,Apache Airflow
Apache Ant,Apache Ant
Apache Camel,Apache Camel
Apache Cordova,Apache Cordova
Apache Flink,Apache Flink
Apache HBase,Apache HBase
Apache Hive,Apache Hive
Apache Kafka,Apache Kafka
Apache Maven,Apache Maven
Apache Parquet,Apache Parquet
Apache Spark,Apache Spark
Apache Storm,Apache Storm
Apache Tomcat,Apache Tomcat
Appium,Appium
Appium Testing,Appium Testing
AWS Lambda,AWS Lambda
Advanced Java,Advanced Java
Babel.JS,Babel.JS
Oracle HCM,Oracle HCM
Oracle Human Resources,Oracle Human Resources
Payroll Administration,Payroll Administration
Performance Review Management,Performance Review Management
Balanced Scorecard (BSC),Balanced Scorecard (BSC)
Objectives & Key Results (OKRs),Objectives & Key Results (OKRs)
HR Excellence,HR Excellence
Performance Reviews,Performance Reviews
Appraisal Management,Appraisal Management
Policy Formulation,Policy Formulation
Policy Implementation,Policy Implementation
Reward & Recognition,Reward & Recognition
Saba Cloud,Saba Cloud
SAP Human Resources,SAP Human Resources
Staff Development,Staff Development
Statutory Compliance,Statutory Compliance
Head Hunting,Head Hunting
Induction Designing,Induction Designing
Talent Identification,Talent Identification
Employee Retention,Employee Retention
Offer Negotiation,Offer Negotiation
Naukri.com,Naukri.com
Linkedin.com,Linkedin.com
monster.com,monster.com
shine.com,shine.com
indeed.com,indeed.com
iimjobs.com,iimjobs.com
Glassdoor.com,Glassdoor.com
ambitionbox.com,ambitionbox.com
Exit Interviews,Exit Interviews
TalentLMS,TalentLMS
Time Keeping,Time Keeping
Training,Training
Training Calendar,Training Calendar
Training Evaluation,Training Evaluation
Employee Satisfaction Surveys,Employee Satisfaction Surveys
Welfare Management,Welfare Management
Workable,Workable
Zenefits,Zenefits
Zoho People,Zoho People
Zoho Recruit,Zoho Recruit
Campus Hiring,Campus Hiring
Compensation,Compensation
Job Description,Job Description
Hotelogix,Hotelogix
IVEPOS,IVEPOS
Maestro PMS,Maestro PMS
myBillBook,myBillBook
PagarBook,PagarBook
Posist,Posist
QuickBill,QuickBill
Skytouch Hotel OS,Skytouch Hotel OS
Smart Hotel Software,Smart Hotel Software
Tracktik,Tracktik
Uprow ERP,Uprow ERP
Weaver POS for Restaurants & Retail,Weaver POS for Restaurants & Retail
HoReCa Consulting,HoReCa Consulting
PeakScale,PeakScale
AppDynamics,AppDynamics
Appraisal Drive,Appraisal Drive
Attendance and Leave Management,Attendance and Leave Management
BambooHuman Resources,BambooHuman Resources
Breezy Human Resources,Breezy Human Resources
Bullhorn,Bullhorn
Conflict Management,Conflict Management
Darwinbox,Darwinbox
Dell Foglight,Dell Foglight
Employee Engagement,Employee Engagement
Greenhouse,Greenhouse
Human Resources Consulting,Human Resources Consulting
Human Resources Metrics,Human Resources Metrics
Human Resources Operations,Human Resources Operations
Human Resources Policies,Human Resources Policies
Human Resources Strategy,Human Resources Strategy
HR Strategy,HR Strategy
HR Consulting,HR Consulting
Industrial Relations,Industrial Relations
Industrial Relations Consulting,Industrial Relations Consulting
Labour Laws,Labour Laws
Labour Laws Consulting,Labour Laws Consulting
Interviewing,Interviewing
Keka,Keka
LinkedIn Recruiter,LinkedIn Recruiter
LinkedIn Talent Insights,LinkedIn Talent Insights
Microsoft Insights,Microsoft Insights
NEO LMS,NEO LMS
Oracle EPM,Oracle EPM
Intimate Washing,Intimate Washing
Blood Sugar Measurement,Blood Sugar Measurement
Displacement Technique,Displacement Technique
Medication Management,Medication Management
Bed‐Making,Bed‐Making
Feeding,Feeding
Infusions,Infusions
Injections (Subcutaneous/Muscular),Injections (Subcutaneous/Muscular)
Intravenous Injections,Intravenous Injections
Drawdown Solid Drugs,Drawdown Solid Drugs
Drawdown Fluid Drugs,Drawdown Fluid Drugs
Compression Stockings,Compression Stockings
Permanent Urine Catheter Insertion,Permanent Urine Catheter Insertion
Intermittent Catheterization Male,Intermittent Catheterization Male
Aseptic Wound Care,Aseptic Wound Care
Venous Wound Care,Venous Wound Care
Suction Naso/Oropharynx,Suction Naso/Oropharynx
"Nasogastric Tube, Insertion","Nasogastric Tube, Insertion"
Nutrition Tube Care,Nutrition Tube Care
"Peripheral Vein Catheter, Insertion","Peripheral Vein Catheter, Insertion"
Central Vein Catheter Care,Central Vein Catheter Care
Stoma Different Types,Stoma Different Types
Picc Line/Midline Catheters,Picc Line/Midline Catheters
Blood Sampling,Blood Sampling
Tracheostomia,Tracheostomia
Wound Assessment And Care,Wound Assessment And Care
Venous Access Ports,Venous Access Ports
Nutrition,Nutrition
Cadd Pumps,Cadd Pumps
Coercion (Idn Only),Coercion (Idn Only)
Patient Observation And Assessment,Patient Observation And Assessment
Strenght and Conditioning,Strenght and Conditioning
HIPPA- Health Insurance and Accountability Act,HIPPA- Health Insurance and Accountability Act
Empathy,Empathy
Stress Management,Stress Management
Busy Accounting,Busy Accounting
Cloudbeds,Cloudbeds
CONNETINBOT,CONNETINBOT
eZee Front Desk,eZee Front Desk
FCS Cosmo PMS,FCS Cosmo PMS
FlexiPOS,FlexiPOS
Gofrugal POS,Gofrugal POS
Hoteliga,Hoteliga
Scada,Scada
Slack,Slack
SOP Creation,SOP Creation
SOP Auditing,SOP Auditing
Checklist Creation,Checklist Creation
Checklist Auditing,Checklist Auditing
SOP Writing,SOP Writing
Standard Operating Procedure (SOP),Standard Operating Procedure (SOP)
Strategic Thinking,Strategic Thinking
Survey Designing,Survey Designing
SWOT Analysis,SWOT Analysis
System Testing,System Testing
Tableau,Tableau
Teamwork,Teamwork
Tibco,Tibco
TPF,TPF
Typeform,Typeform
Ubersuggest,Ubersuggest
Verbal Communication,Verbal Communication
Workday,Workday
Written Communication,Written Communication
Zoho Analytics,Zoho Analytics
Zoho Desk,Zoho Desk
Zoho Forms,Zoho Forms
Zoho Mail,Zoho Mail
Zoho Social,Zoho Social
Competitor Benchmarking,Competitor Benchmarking
European Foundation of Quality Management (EFQM),European Foundation of Quality Management (EFQM)
Business Excellence - EFQM Model,Business Excellence - EFQM Model
Malcolm Baldrige Framework,Malcolm Baldrige Framework
"Mission, Vision and Values","Mission, Vision and Values"
Time Management,Time Management
Positive Attitude,Positive Attitude
Fitness Trainer,Fitness Trainer
Nutritionist,Nutritionist
Dietician,Dietician
General Oral Care,General Oral Care
Special Oral Care,Special Oral Care
Manual Blood Pressure,Manual Blood Pressure
Respiration Counting,Respiration Counting
Temperature Measurement,Temperature Measurement
Pulse Counting,Pulse Counting
Cardiopulmonary Resuscitation,Cardiopulmonary Resuscitation
Foot And Nails Care,Foot And Nails Care
Body Wash,Body Wash
MS Project,MS Project
MS Word,MS Word
Flowcharts,Flowcharts
Negotiation,Negotiation
Networking,Networking
Oracle Database,Oracle Database
Oracle ERP,Oracle ERP
Oracle NetSuite ERP,Oracle NetSuite ERP
Oracle RAC,Oracle RAC
Orion ERP,Orion ERP
PeopleSoft,PeopleSoft
Persuasion,Persuasion
Planning,Planning
Presentation,Presentation
Presentation Designing,Presentation Designing
Prezi,Prezi
Problem Solving,Problem Solving
Product Testing,Product Testing
Proofreading,Proofreading
Public Speaking,Public Speaking
REAPER,REAPER
Requirements Gathering,Requirements Gathering
Resource Planning,Resource Planning
SAP BI,SAP BI
SAP Business One,SAP Business One
SAP BW,SAP BW
Customer Journey Mapping,Customer Journey Mapping
Data Analysis,Data Analysis
Data Collection,Data Collection
Data Interpretation,Data Interpretation
Data Visualisation,Data Visualisation
Demand Forecasting,Demand Forecasting
Digital Transformation,Digital Transformation
Due Diligence,Due Diligence
E -Learning,E -Learning
Email Archiving,Email Archiving
Email Encryption,Email Encryption
Email List Building,Email List Building
Email Strategy,Email Strategy
Email Writing,Email Writing
Failure Mode and Effect Analysis,Failure Mode and Effect Analysis
Google Mail,Google Mail
Google Drawings,Google Drawings
Google Forms,Google Forms
Google Keyword Planner,Google Keyword Planner
Google Sheets,Google Sheets
Google Sheets Automation,Google Sheets Automation
Google Data Studio,Google Data Studio
Google Slides,Google Slides
Google Workspace,Google Workspace
Governance,Governance
Grammarly,Grammarly
Grant Writing,Grant Writing
International Development,International Development
International Relations,International Relations
Interpersonal Relationships,Interpersonal Relationships
Jazz,Jazz
Keynote,Keynote
Leadership,Leadership
Microsoft Dynamics 365 Business Central,Microsoft Dynamics 365 Business Central
Microsoft Dynamics AX,Microsoft Dynamics AX
Microsoft Outlook,Microsoft Outlook
Microsoft Power BI,Microsoft Power BI
Mixpanel,Mixpanel
MS Excel,MS Excel
MS PowerPoint,MS PowerPoint
Bitrix24,Bitrix24
Business Analysis,Business Analysis
Business Excellence Deployment,Business Excellence Deployment
Business Intelligence,Business Intelligence
Business Planning,Business Planning
Business Relationship Management,Business Relationship Management
Business Restructuring,Business Restructuring
Business Strategy,Business Strategy
Camtasia,Camtasia
Change Management,Change Management
Coaching,Coaching
Critical Thinking,Critical Thinking
Curriculum Development,Curriculum Development
SAP FICO,SAP FICO
Statutory Auditing,Statutory Auditing
Stock Auditing,Stock Auditing
Tally.ERP 9,Tally.ERP 9
Tax Auditing,Tax Auditing
Taxation,Taxation
Variance Analysis,Variance Analysis
Voluntary Auditing,Voluntary Auditing
Xero,Xero
Zoho Invoice,Zoho Invoice
Income Tax Filling,Income Tax Filling
Income Tax Calculation,Income Tax Calculation
Financial Consulting,Financial Consulting
Persuasiveness,Persuasiveness
Microsoft Dynamics ERP,Microsoft Dynamics ERP
Microsoft Dynamics GP,Microsoft Dynamics GP
5W1H,5W1H
Why Why Analysis,Why Why Analysis
A/B Testing,A/B Testing
Adobe Acrobat,Adobe Acrobat
Adobe Captivate,Adobe Captivate
Advanced Excel,Advanced Excel
Excel Automation,Excel Automation
Excel - Macros,Excel - Macros
Excel - Pivot Table,Excel - Pivot Table
Excel Dashboard,Excel Dashboard
Amazon SQS,Amazon SQS
Amplitude Analytics,Amplitude Analytics
Analytical Thinking,Analytical Thinking
Asana,Asana
Basecamp,Basecamp
Day Trading,Day Trading
Derivatives Trading,Derivatives Trading
Digital Asset Management,Digital Asset Management
Equity Trading,Equity Trading
External Auditing,External Auditing
Financial Accounting,Financial Accounting
Financial Analysis,Financial Analysis
Financial Forecasting,Financial Forecasting
Financial Management,Financial Management
Financial Modelling,Financial Modelling
Financial Planning,Financial Planning
Financial Reporting,Financial Reporting
Fixed Asset Management,Fixed Asset Management
Foreign Exchange (FX) Trading,Foreign Exchange (FX) Trading
Fund Management,Fund Management
Fund Raising,Fund Raising
Futures Trading,Futures Trading
GST Filing,GST Filing
Hedge Fund Management,Hedge Fund Management
Horizon ERP,Horizon ERP
Intellectual Asset Management,Intellectual Asset Management
Internal Auditing,Internal Auditing
Investment Management,Investment Management
IRS Tax Auditing,IRS Tax Auditing
Lansweeper,Lansweeper
Management Information System,Management Information System
Maximo,Maximo
Microsoft Dynamics 365 Finance,Microsoft Dynamics 365 Finance
Non -Fungible Token (NFT),Non -Fungible Token (NFT)
Operating Expense,Operating Expense
Operational Auditing,Operational Auditing
Oracle Primavera,Oracle Primavera
Performance Auditing,Performance Auditing
Power Trading,Power Trading
QuickBooks,QuickBooks
Return on Capital (ROC) Filing,Return on Capital (ROC) Filing
Risk Analysis,Risk Analysis
Risk Assessment,Risk Assessment
Risk Management,Risk Management
Costume Designer,Costume Designer
Art Department,Art Department
Production Designer,Production Designer
Location Manager,Location Manager
Production Assistant/Runner,Production Assistant/Runner
Film Directing,Film Directing
Film Producing,Film Producing
Film Type,Film Type
Film Shots,Film Shots
Film Camera Angles,Film Camera Angles
Film Lighting,Film Lighting
Film Color,Film Color
Film Sound or Audio,Film Sound or Audio
Film Editing,Film Editing
Mise -en -Scene,Mise -en -Scene
Green Screens,Green Screens
Motion Capture,Motion Capture
Flim Compose,Flim Compose
Makeup Artists,Makeup Artists
Scenic Artist,Scenic Artist
Set Dressers,Set Dressers
Adhoc Reporting,Adhoc Reporting
Algorithmic Trading,Algorithmic Trading
Asset Allocation,Asset Allocation
Asset and Liability Management,Asset and Liability Management
Asset Management,Asset Management
Auditing,Auditing
Bank Reconciliation Statement,Bank Reconciliation Statement
Budgeting,Budgeting
Business Valuation,Business Valuation
Capital Expense,Capital Expense
Cash Flow Analysis,Cash Flow Analysis
Cash Flow Management,Cash Flow Management
Commodity Markets,Commodity Markets
Corporate Finance,Corporate Finance
Cost Efficiency,Cost Efficiency
Credit Control,Credit Control
Credit Management,Credit Management
Credit Risk,Credit Risk
Cryptocurrency trading,Cryptocurrency trading
Shopify,Shopify
Squarespace,Squarespace
Wix,Wix
WooCommerce,WooCommerce
E -Commerce Listing,E -Commerce Listing
E -Commerce Platform Management,E -Commerce Platform Management
E -Commerce Strategy,E -Commerce Strategy
E -Commerce Consulting,E -Commerce Consulting
E -Commerce Marketing,E -Commerce Marketing
Data Cleaning,Data Cleaning
Amazon QuickSight,Amazon QuickSight
Adobe Flash,Adobe Flash
Adobe Lightroom,Adobe Lightroom
Biteable,Biteable
Corel VideoStudio Ultimate,Corel VideoStudio Ultimate
iMovie,iMovie
Pinnacle Studio,Pinnacle Studio
WavePad Audio Editor,WavePad Audio Editor
Video Editing,Video Editing
Audio Editing,Audio Editing
Content Editing,Content Editing
Document Sharing,Document Sharing
Word Processing,Word Processing
DropBox,DropBox
Printing Layout,Printing Layout
Final Manuscript Production,Final Manuscript Production
Mark-ups,Mark-ups
Typesetting,Typesetting
Working Sketches,Working Sketches
Counselling,Counselling
Written Storytelling,Written Storytelling
Visual Storytelling,Visual Storytelling
Cinematography,Cinematography
Screenwriting,Screenwriting
Filmmaking equipment expertise,Filmmaking equipment expertise
Editing and filmmaking software expertise,Editing and filmmaking software expertise
Casting,Casting
Camera Department,Camera Department
Gaffer/Lighting,Gaffer/Lighting
Director Of Photography (DOP),Director Of Photography (DOP)
Hair & Make -Up Designer,Hair & Make -Up Designer
Presentation Design,Presentation Design
Mockup Design,Mockup Design
Print Design,Print Design
Corporate Identity Designing,Corporate Identity Designing
Brand Moodboard,Brand Moodboard
Website UI Design,Website UI Design
Icon Designing,Icon Designing
Packaging Design,Packaging Design
GIFs,GIFs
Short Format Videos,Short Format Videos
Vectors,Vectors
Product Design,Product Design
Design Consulting,Design Consulting
Cropping,Cropping
Image Manipulation,Image Manipulation
Image Enhancement,Image Enhancement
Color Correction,Color Correction
Image Sorting,Image Sorting
Image Restoration,Image Restoration
Typography,Typography
Animation,Animation
Frame Animation,Frame Animation
3D Designing,3D Designing
3D Modelling,3D Modelling
Doodling,Doodling
Brochure designing,Brochure designing
Poster designing,Poster designing
Brand design or Rebranding,Brand design or Rebranding
CorelDraw,CorelDraw
Quarkxpress,Quarkxpress
BigCommerce,BigCommerce
ClickBank,ClickBank
Dukaan,Dukaan
Ecwid,Ecwid
Etsy,Etsy
Magento,Magento
OpenCart,OpenCart
Salesforce Commerce Cloud,Salesforce Commerce Cloud
Shift4shop,Shift4shop
Clonezilla,Clonezilla
Corel Draw,Corel Draw
Design Failure Mode and Effect Analysis,Design Failure Mode and Effect Analysis
Final Cut Pro,Final Cut Pro
Grasshopper,Grasshopper
Keyshot,Keyshot
Ladybug Tools Honeybee,Ladybug Tools Honeybee
Lumion,Lumion
Lunacy,Lunacy
Matrix,Matrix
MicroStation,MicroStation
OpenSCAD,OpenSCAD
Sage X3,Sage X3
Sketching,Sketching
SketchUp,SketchUp
SOLIDWORKS,SOLIDWORKS
V -Ray,V -Ray
Visio,Visio
Zeplin,Zeplin
Social Media Design,Social Media Design
Logo Design,Logo Design
Programming,Programming
Cloud Computing,Cloud Computing
Data Pipeline,Data Pipeline
Data Extraction,Data Extraction
Data Cleanup,Data Cleanup
Big Data Processing,Big Data Processing
Data Modeling,Data Modeling
Regex,Regex
Numpy,Numpy
Pandas,Pandas
Matplotip,Matplotip
Seaborn,Seaborn
Stastistics,Stastistics
NPL,NPL
Calculus,Calculus
Adobe After Effects,Adobe After Effects
Adobe Animate,Adobe Animate
Adobe Audition,Adobe Audition
Adobe Creative Cloud,Adobe Creative Cloud
Adobe Creative Cloud Express,Adobe Creative Cloud Express
Adobe Dimension,Adobe Dimension
Adobe Illustrator,Adobe Illustrator
Adobe InDesign,Adobe InDesign
Adobe Photoshop,Adobe Photoshop
Adobe Premiere Pro,Adobe Premiere Pro
Adobe Premiere Rush,Adobe Premiere Rush
Adobe XD,Adobe XD
ArchiCAD,ArchiCAD
AutoCAD,AutoCAD
Autodesk 3DS Max,Autodesk 3DS Max
Autodesk Maya,Autodesk Maya
Autodesk Revit,Autodesk Revit
Aveva E3D,Aveva E3D
Aveva PDMS,Aveva PDMS
Blender,Blender
CADS RC,CADS RC
Canva,Canva
Ceros,Ceros
CLO 3D,CLO 3D
Negotiating,Negotiating
Business Acumen,Business Acumen
Blogging,Blogging
Proof Reading,Proof Reading
Content Writing,Content Writing
Content Translation,Content Translation
Copywriting,Copywriting
Email Prospecting,Email Prospecting
Scripting,Scripting
Story Writing,Story Writing
Story Boarding,Story Boarding
Lyrics,Lyrics
Salesforce,Salesforce
Aircall,Aircall
Amazon FBA,Amazon FBA
Ameyo,Ameyo
Customer Service Management,Customer Service Management
Escalation Management,Escalation Management
Freshdesk,Freshdesk
Genesys,Genesys
Talkdesk,Talkdesk
Zoiper,Zoiper
Team Management,Team Management
Roster Management,Roster Management
Customer Service Quality Management,Customer Service Quality Management
Customer Satisfaction Surveys,Customer Satisfaction Surveys
Issue Resolution and Management,Issue Resolution and Management
Customer Service Trainings,Customer Service Trainings
Jira Service Desk,Jira Service Desk
Mytalk,Mytalk
Statistical analysis and computing,Statistical analysis and computing
Machine Learning,Machine Learning
Deep Learning,Deep Learning
Processing large data sets,Processing large data sets
Data Visualization,Data Visualization
Data Wrangling,Data Wrangling
Mathematics,Mathematics
New Business Development,New Business Development
International Business Development,International Business Development
Key Account Development,Key Account Development
Key Account Growth,Key Account Growth
Key Account Management,Key Account Management
Account Mining,Account Mining
Cross Selling,Cross Selling
Upselling,Upselling
Lead Generation,Lead Generation
Lead Identification,Lead Identification
Lead Nurturing,Lead Nurturing
Warm Calling,Warm Calling
Cold Calling,Cold Calling
Big Data,Big Data
Big Data Analytics,Big Data Analytics
CSS,CSS
Go,Go
Gulp,Gulp
R,R
REST,REST
React JS ,React JS 
Swift,Swift
